EmpID,Gender,PreviousExperience,InterviewScore,SkillScore,PersonalityScore,AftEval
E0001337215,1,0,48,78,91,1
E0001337023,0,2,54,50,70,1
E0001337061,1,0,80,78,71,1
E0001318329,1,1,53,42,98,0
E0001318207,1,0,41,92,70,1
E0001318226,0,1,70,53,71,0
E0001318123,0,1,61,41,76,1
E0001318156,1,0,50,52,70,0
E0001298785,0,0,74,67,68,1
E0001298799,0,0,58,94,75,0
E0001298658,1,0,57,64,89,1
E0001298663,0,1,76,60,63,1
E0001298611,1,0,87,77,72,1
E0001298555,1,1,82,96,70,1
E0001298471,0,1,65,54,66,0
E0001298344,0,1,56,48,89,0
E0001262506,0,2,54,45,68,1
E0001262539,1,1,96,96,83,1
E0001262488,1,0,64,76,63,0
E0001262169,0,2,55,51,95,1
E0001262174,1,0,59,87,69,1
E0001262188,0,2,96,94,79,1
E0001262009,0,0,66,47,76,0
E0001261997,1,1,81,82,73,1
E0001261594,0,2,46,96,74,1
E0001261631,1,2,100,66,77,1
E0001261659,0,1,55,60,77,1
E0001261518,1,1,55,59,91,1
E0001261575,0,2,100,52,96,1
E0001261453,1,0,55,96,63,0
E0001261472,1,1,83,71,63,1
E0001261486,0,0,52,78,64,1
E0001261383,0,2,45,68,68,1
E0001005344,0,1,91,53,75,0
E0001261289,1,1,51,86,94,1
E0001261312,0,1,45,81,79,1
E0001005255,0,2,89,64,72,1
E0001005293,1,1,53,58,75,0
E0001005203,1,0,66,50,74,1
E0001005222,1,0,93,87,63,1
E0001005096,0,2,98,77,67,1
E0001005133,1,1,47,52,65,0
E0001005011,1,1,57,72,63,1
E0001004956,1,2,92,55,92,1
E0001004961,1,0,48,88,96,1
E0001004975,0,1,84,46,66,1
E0001004989,0,0,73,83,75,1
E0001004797,1,2,73,71,62,1
E0001004829,1,1,69,41,90,1
E0001004731,0,0,87,61,100,1
E0001004759,1,1,42,88,71,1
E0001004478,1,0,64,69,80,1
E0001004394,0,1,49,88,92,1
E0001004426,0,0,78,88,67,1
E0001004445,0,1,87,45,76,1
E0001004286,1,1,64,57,78,1
E0001004291,1,1,59,80,94,1
E0001004342,0,1,45,94,73,1
E0001004201,1,1,41,85,78,1
E0001004126,0,1,41,89,66,1
E0001004197,1,0,58,95,79,1
E0001004056,1,1,47,54,75,1
E0001004075,0,0,42,55,76,1
E0001003992,0,2,66,59,61,0
E0001003851,0,0,55,90,77,0
E0001003781,1,2,57,91,72,1
E0001003687,1,0,70,51,70,1
E0001003584,0,1,44,96,70,1
E0001003551,1,1,83,58,62,1
E0001003438,0,0,97,72,60,1
E0001003462,0,1,84,54,73,1
E0001003335,1,0,49,58,69,1
E0001003373,1,2,87,81,76,1
E0001003284,1,1,49,60,71,0
E0001003302,1,1,81,57,64,1
E0001003162,0,2,53,94,70,1
E0001003181,1,1,65,62,72,0
E0001003105,0,0,42,48,62,0
E0001002999,1,1,58,90,74,1
E0001002933,1,0,42,55,93,1
E0001002952,0,2,55,90,72,1
E0001002741,1,2,51,97,66,1
E0001002755,1,2,90,45,62,1
E0001002769,0,1,99,53,72,1
E0001002774,1,1,47,97,64,1
E0001002788,1,2,42,100,76,1
E0001002793,0,1,82,86,64,1
E0001002652,1,2,47,99,72,1
E0001002703,0,1,56,48,75,0
E0001002717,1,0,79,72,72,1
E0001002722,1,0,56,49,79,1
E0001002614,1,2,80,76,88,1
E0001002633,0,1,89,58,71,1
E0001002647,0,1,85,64,64,1
E0001002506,1,1,81,87,71,1
E0001002525,0,0,73,68,77,1
E0001002539,1,1,56,49,77,1
E0000514506,0,2,76,55,61,1
E0000514511,0,2,65,65,65,1
E0000514436,0,1,82,78,76,1
E0000514441,1,2,59,46,79,0
E0000514296,0,0,41,42,95,1
E0000514309,1,0,69,64,76,1
E0000514333,0,2,56,48,97,1
E0000514347,0,0,55,96,63,1
E0000514141,1,1,57,89,63,1
E0000514085,0,1,47,96,73,0
E0000513983,1,0,84,83,74,1
E0000514014,0,2,79,100,65,1
E0000514052,0,1,85,77,79,1
E0000513907,1,0,79,86,74,1
E0000513978,1,1,41,67,75,1
E0000513786,1,0,58,46,78,0
E0000513748,0,0,81,53,72,1
E0000513683,0,0,81,82,79,1
E0000513697,1,0,50,94,66,1
E0000513715,0,2,58,94,77,1
E0000513589,0,0,44,76,86,1
E0000513594,0,1,86,94,75,1
E0000513607,0,0,83,76,74,1
E0000513612,0,0,76,49,70,1
E0000513542,0,1,57,41,77,0
E0000513556,1,2,42,47,62,0
E0000513486,1,1,72,71,73,1
E0000513401,1,2,58,94,73,0
E0000513453,0,2,49,69,96,1
E0000513359,1,1,59,58,79,1
E0000513312,0,0,56,55,89,1
E0000513237,0,0,53,94,70,1
E0000513256,1,2,99,50,71,1
E0000513275,1,1,53,64,96,1
E0000513289,0,1,51,60,79,0
E0000513167,0,2,45,45,100,1
E0000513101,1,0,50,88,79,1
E0000513115,0,2,49,69,98,1
E0000513134,0,1,42,81,68,0
E0000513064,1,0,57,70,87,1
E0000513012,1,2,49,41,96,1
E0000512957,0,0,81,56,75,1
E0000512962,0,1,50,64,60,1
E0000512976,0,0,62,59,71,1
E0000512849,1,0,92,65,62,1
E0000512887,1,1,59,99,84,1
E0000512751,0,1,54,44,91,1
E0000512765,1,0,88,45,60,1
E0000512784,1,0,55,45,71,0
E0000512798,1,1,76,47,77,1
E0000512662,0,2,76,54,73,1
E0000512676,0,1,50,56,66,1
E0000512708,1,2,51,96,62,1
E0000512657,1,0,71,68,67,1
E0000512619,0,0,48,67,77,1
E0000512535,1,2,66,53,95,0
E0000512549,1,0,99,46,65,1
E0000512432,1,0,58,100,95,1
E0000512446,0,0,74,55,75,1
E0000512465,1,2,47,93,79,1
E0000512484,1,0,90,41,64,0
E0000512362,1,2,76,79,69,1
E0000512268,1,0,48,73,73,1
E0000512273,0,1,76,72,87,1
E0000512292,0,1,57,57,73,1
E0000512165,0,2,72,65,60,1
E0000512179,1,1,43,92,87,1
E0000512198,0,0,55,82,93,1
E0000511993,1,0,58,96,85,1
E0000511871,1,0,96,92,65,1
E0000511758,1,0,61,79,76,1
E0000511763,1,1,63,79,93,1
E0000511814,1,2,88,50,62,1
E0000511669,0,2,51,48,71,1
E0000511674,1,2,87,72,77,1
E0000511688,1,0,49,92,76,1
E0000511711,0,2,45,94,74,1
E0000511533,1,1,86,80,66,1
E0000511552,1,2,60,50,62,0
E0000511496,0,0,88,46,77,1
E0000511411,0,0,45,96,72,1
E0000511355,1,1,51,86,63,0
E0000511388,1,2,53,55,75,0
E0000511406,0,1,81,76,75,1
E0000511252,0,2,56,43,94,1
E0000511271,1,1,82,48,71,1
E0000511285,1,0,44,44,86,1
E0000511317,0,0,56,48,62,0
E0000511177,0,2,51,78,79,1
E0000511196,1,1,80,99,94,1
E0000511233,0,1,47,67,95,1
E0000511163,0,0,62,92,61,1
E0000511144,0,0,58,54,68,0
E0000511088,0,1,42,54,63,1
E0000511017,0,0,78,48,78,0
E0000511036,1,0,53,90,62,0
E0000511041,1,0,99,49,75,0
E0000510934,0,0,61,63,73,0
E0000510967,0,0,88,59,78,1
E0000510986,1,2,51,97,61,1
E0000510901,0,0,88,86,76,1
E0000510915,0,0,78,44,76,0
E0000510845,0,1,54,55,86,1
E0000510794,0,1,82,47,94,1
E0000510812,1,0,53,51,72,0
E0000510826,0,0,86,77,77,1
E0000510686,0,1,52,99,68,1
E0000510691,1,0,96,42,72,1
E0000510615,0,0,53,83,79,1
E0000510634,1,1,58,70,70,1
E0000510667,1,0,51,52,66,1
E0000510559,1,1,57,81,74,0
E0000510564,0,0,94,46,70,0
E0000510442,1,0,59,56,73,0
E0000510489,0,1,100,64,77,1
E0000510494,0,0,92,63,65,1
E0000510423,0,2,81,45,62,1
E0000510386,1,0,69,61,84,1
E0000510391,1,2,52,46,79,1
E0000510404,0,0,49,75,76,0
E0000510418,1,2,57,76,69,1
E0000510348,0,0,42,69,86,1
E0000510283,1,1,100,88,76,1
E0000510297,1,1,55,85,82,1
E0000510334,0,1,91,67,76,1
E0000510207,1,2,50,58,79,0
E0000510245,0,0,57,56,70,0
E0000510175,1,0,45,83,86,1
E0000510123,0,2,71,65,97,1
E0000510137,0,0,42,92,78,1
E0000510161,0,0,96,59,79,1
E0000509941,1,1,94,72,62,1
E0000509955,1,1,51,79,61,1
E0000509993,1,1,95,47,64,1
E0000510001,0,0,84,73,71,1
E0000509871,0,1,51,67,65,1
E0000509777,1,0,96,79,78,1
E0000509814,1,0,55,59,77,1
E0000509833,1,0,91,71,80,1
E0000509847,0,1,50,67,67,1
E0000509739,1,0,55,56,65,0
E0000509641,0,0,58,99,86,1
E0000509547,0,1,69,65,98,1
E0000509566,1,2,48,41,65,1
E0000509585,0,2,50,67,69,1
E0000509599,1,0,92,67,73,1
E0000509496,1,0,66,44,72,0
E0000509509,0,1,51,89,78,1
E0000509341,0,1,88,60,96,1
E0000509388,1,0,55,97,95,1
E0000509299,0,1,71,58,64,0
E0000509303,0,0,56,51,64,1
E0000509336,0,0,53,68,74,1
E0000509228,1,2,50,51,76,1
E0000509252,1,0,60,85,74,1
E0000509125,1,0,67,58,95,1
E0000509022,1,1,50,92,67,1
E0000509036,1,1,44,41,70,1
E0000509041,0,1,55,60,84,1
E0000508929,0,1,46,50,88,1
E0000508934,1,2,89,59,79,0
E0000508953,1,0,82,62,73,1
E0000508991,0,1,87,53,69,1
E0000509003,1,1,59,51,66,1
E0000508845,0,0,56,69,69,1
E0000508878,1,1,89,46,68,1
E0000508775,1,2,91,53,77,1
E0000508794,0,1,45,98,93,1
E0000508812,0,1,47,92,78,1
E0000508686,1,0,79,64,71,1
E0000508691,0,0,57,56,89,1
E0000508704,0,1,43,96,66,0
E0000508737,1,0,57,50,67,0
E0000508559,0,1,63,63,79,0
E0000508578,0,1,90,70,67,1
E0000508512,1,1,64,59,73,1
E0000508456,0,2,53,69,68,1
E0000508423,0,0,73,89,61,1
E0000508353,1,0,55,76,61,0
E0000508372,1,1,46,63,67,1
E0000508386,0,1,46,88,77,1
E0000508391,0,1,57,59,66,0
E0000508264,0,0,63,79,61,1
E0000508283,1,0,50,45,74,0
E0000508301,0,0,76,56,89,1
E0000508329,0,1,100,89,77,1
E0000508334,0,0,59,44,67,0
E0000508194,0,1,55,87,75,1
E0000508207,1,0,87,95,62,1
E0000508226,1,0,50,61,88,1
E0000508231,1,0,48,98,62,1
E0000508104,0,0,59,80,71,1
E0000508123,0,0,49,43,77,1
E0000508142,1,0,46,53,61,1
E0000508091,1,1,56,47,77,1
E0000508029,0,0,56,63,98,1
E0000508034,0,1,93,58,73,1
E0000508086,1,0,60,100,76,1
E0000508001,1,0,44,47,75,0
E0000507857,1,0,56,77,68,0
E0000507768,1,1,73,70,61,1
E0000507819,0,1,60,48,60,0
E0000507824,0,1,51,82,72,1
E0000507838,0,1,98,94,77,1
E0000507632,1,0,60,58,67,1
E0000507646,1,0,53,56,69,0
E0000507608,1,0,74,75,62,1
E0000507538,1,2,83,60,85,1
E0000507576,0,0,46,84,77,1
E0000507581,0,0,74,73,70,1
E0000507524,0,1,98,49,70,0
E0000507492,0,1,79,53,94,1
E0000507398,1,2,55,49,66,0
E0000507435,0,0,57,54,88,0
E0000507313,0,1,57,50,92,0
E0000507327,0,2,43,41,78,0
E0000507346,1,1,46,66,66,1
E0000507351,0,0,57,41,60,0
E0000507224,0,0,51,54,68,1
E0000507238,0,0,42,90,65,1
E0000507243,0,1,76,62,77,0
E0000507121,1,1,80,51,75,0
E0000507149,0,0,66,43,99,1
E0000507192,0,0,56,93,69,0
E0000507051,1,1,82,52,92,1
E0000507065,1,0,53,79,99,1
E0000507098,1,2,60,99,61,0
E0000507102,0,0,74,68,78,1
E0000506958,1,0,77,49,63,1
E0000506888,1,0,77,56,70,1
E0000506906,1,0,79,43,76,0
E0000506925,1,1,94,71,72,0
E0000506817,0,0,52,73,95,0
E0000506822,1,1,54,69,61,1
E0000506836,0,0,75,63,60,0
E0000506639,0,2,50,43,70,1
E0000506644,1,1,51,84,62,0
E0000506663,1,0,51,91,78,1
E0000506696,1,1,55,68,80,1
E0000506555,0,1,50,67,63,0
E0000506593,0,0,53,52,85,0
E0000506471,1,1,93,66,79,0
E0000506503,0,0,70,73,76,0
E0000506466,0,0,70,55,81,0
E0000506396,1,0,72,50,97,0
E0000506409,1,0,54,63,60,0
E0000506452,1,1,62,57,76,0
E0000506382,1,1,67,94,73,0
E0000506363,1,0,99,58,98,1
E0000506306,0,1,56,52,71,0
E0000506236,1,1,42,66,67,0
E0000506077,0,2,82,82,64,0
E0000506114,1,0,58,88,86,0
E0000505989,1,1,79,99,68,0
E0000506039,1,0,96,60,93,0
E0000506044,1,1,50,90,91,0
E0000506058,1,2,42,47,74,0
E0000505937,1,0,44,84,75,0
E0000505961,1,0,56,42,73,0
E0000505834,1,0,65,84,79,0
E0000505872,0,0,45,45,92,0
E0000505797,0,0,80,87,68,1
E0000505656,0,0,43,48,73,0
E0000505661,0,0,48,59,61,0
E0000505689,0,0,74,41,76,0
E0000505694,1,2,55,43,77,0
E0000505707,1,0,69,76,67,0
E0000505623,0,1,48,50,74,0
E0000505497,1,0,56,68,71,0
E0000505515,0,1,60,69,77,0
E0000505464,0,0,72,88,95,1
E0000505323,0,1,47,59,75,0
E0000505337,0,1,91,73,77,0
E0000505356,1,2,64,76,70,0
E0000505248,1,0,100,58,76,0
E0000505267,0,2,83,51,71,1
E0000505286,0,1,77,86,60,0
E0000505178,1,0,50,95,72,0
E0000505197,0,1,92,96,71,0
E0000505229,0,0,55,68,87,0
E0000505145,1,2,46,70,99,1
E0000505042,1,0,85,43,90,0
E0000505056,1,0,85,60,61,1
E0000505061,1,1,54,42,76,0
E0000504921,0,0,50,95,60,0
E0000504973,0,1,76,55,63,0
E0000504851,1,0,54,68,77,0
E0000504879,1,0,58,91,67,0
E0000504762,0,1,43,51,79,0
E0000504776,1,0,80,68,78,1
E0000504827,1,0,83,45,72,0
E0000504673,1,2,87,53,76,0
E0000504687,0,0,52,89,77,0
E0000504598,1,0,96,71,96,1
E0000504649,0,1,73,44,86,0
E0000504668,0,2,81,89,64,0
E0000504527,1,1,90,61,73,1
E0000504532,1,1,52,41,78,0
E0000504584,0,2,76,72,76,0
E0000504354,0,0,56,52,66,0
E0000504373,1,0,77,89,79,1
E0000504251,0,0,62,97,61,0
E0000504265,0,1,77,96,69,0
E0000504284,0,0,56,41,78,0
E0000504298,1,0,86,74,85,0
E0000504302,0,0,56,84,73,0
E0000504232,1,0,99,100,63,1
E0000504213,1,0,52,96,100,0
E0000504227,1,1,55,92,60,0
E0000504124,0,0,51,67,76,0
E0000504138,0,0,89,86,87,1
E0000504143,0,0,71,50,70,0
E0000504002,0,0,47,55,64,0
E0000504016,0,0,69,99,72,0
E0000504035,0,1,57,96,73,0
E0000503844,0,1,75,46,92,0
E0000503877,0,1,57,44,78,0
E0000503914,1,2,70,87,71,0
E0000503774,1,2,51,95,84,1
E0000503793,1,2,50,70,70,0
E0000503825,1,1,55,87,78,0
E0000503699,1,2,50,56,76,0
E0000503741,1,0,59,59,81,0
E0000503596,0,0,59,85,98,0
E0000503628,1,0,52,83,68,0
E0000503633,0,2,55,79,84,0
E0000503666,0,2,74,63,75,1
E0000503558,1,0,44,61,70,1
E0000503563,0,2,46,42,90,0
E0000503577,1,0,56,79,73,0
E0000503441,1,0,49,58,70,0
E0000503455,1,1,87,41,74,0
E0000503469,0,0,51,58,68,0
E0000503488,1,0,42,46,76,0
E0000503493,0,2,70,43,61,0
E0000503506,0,0,57,44,66,0
E0000503366,1,2,93,57,91,1
E0000503371,1,0,41,79,60,0
E0000503263,1,1,64,50,72,0
E0000503277,1,0,53,75,83,0
E0000503309,1,0,50,48,87,0
E0000503314,1,0,67,64,75,0
E0000503211,1,2,41,82,77,0
E0000503225,1,2,96,68,61,0
E0000503103,0,0,53,54,92,0
E0000503117,1,0,74,49,68,0
E0000503122,0,0,54,56,61,0
E0000503028,1,0,79,79,64,0
E0000503099,0,0,53,56,76,0
E0000502978,1,0,55,52,92,0
E0000502983,1,1,74,41,72,0
E0000502875,1,2,53,63,74,0
E0000502894,1,1,41,88,91,0
E0000502753,1,2,58,71,60,0
E0000502701,0,0,52,54,73,0
E0000502659,0,1,43,52,70,0
E0000502683,0,0,75,98,69,1
E0000502556,1,1,93,49,68,0
E0000502589,1,2,51,55,78,0
E0000502594,0,0,41,81,77,0
E0000502542,0,0,51,99,72,0
E0000502472,0,1,70,55,68,0
E0000502518,1,0,58,66,74,0
E0000502523,0,1,51,68,72,0
E0000502467,0,1,48,66,68,1
E0000502415,0,1,50,42,64,0
E0000502429,1,1,72,93,66,0
E0000502453,0,0,83,60,72,0
E0000502359,0,1,52,42,82,0
E0000502364,1,2,82,46,77,0
E0000502378,1,0,59,59,73,0
E0000502261,1,1,44,88,87,0
E0000502289,1,0,67,76,70,0
E0000502223,0,0,72,85,78,0
E0000502148,0,0,55,80,66,0
E0000502083,0,0,68,51,70,0
E0000501995,0,0,45,51,75,0
E0000502026,0,1,50,95,72,0
E0000501976,1,0,56,42,71,0
E0000501821,0,0,63,57,63,0
E0000501835,1,0,61,80,75,0
E0000501854,1,0,52,76,66,0
E0000501868,1,2,59,86,70,0
E0000501887,1,1,53,68,68,0
E0000501802,0,0,53,80,61,0
E0000501732,1,2,53,72,71,0
E0000501695,1,1,88,88,75,0
E0000501713,0,1,47,79,78,0
E0000501643,1,2,87,84,64,1
E0000501619,0,1,47,59,70,0
E0000501516,0,0,72,76,72,0
E0000501521,1,2,57,76,67,0
E0000501395,1,2,64,71,73,0
E0000501446,0,1,44,59,75,0
E0000501319,0,1,56,96,68,0
E0000501343,0,2,68,48,71,0
E0000501381,0,2,51,54,92,0
E0000501235,1,0,63,76,72,0
E0000501305,0,0,86,86,74,1
E0000501202,0,2,70,52,66,0
E0000501081,0,0,52,70,79,0
E0000501108,1,0,54,99,90,1
E0000501005,1,0,58,49,76,0
E0000501019,1,1,59,81,95,0
E0000501038,1,1,48,74,100,0
E0000501043,1,0,96,42,73,0
E0000500885,0,0,50,73,76,0
E0000500899,1,0,92,52,79,0
E0000500903,0,2,43,42,70,0
E0000500936,1,2,55,79,77,1
E0000500809,0,0,57,76,73,0
E0000500847,0,0,61,54,89,0
E0000500852,1,0,75,90,65,1
E0000500711,0,0,100,82,68,0
E0000500744,1,0,59,53,77,0
E0000500796,0,1,58,93,77,0
E0000500636,0,1,50,58,78,0
E0000500669,1,0,64,52,64,0
E0000500603,1,2,53,77,72,0
E0000500617,1,2,59,59,81,0
E0000500482,0,0,59,73,77,0
E0000500496,0,2,47,42,66,0
E0000500369,1,0,97,69,74,0
E0000500233,0,1,60,89,65,0
E0000500271,1,0,59,65,66,0
E0000500111,0,0,53,60,76,0
E0000499982,0,1,64,50,79,0
E0000499996,1,0,54,50,68,0
E0000500036,0,1,52,65,100,0
E0000500041,1,2,43,54,76,0
E0000499874,1,0,41,54,67,0
E0000499799,0,1,63,85,69,0
E0000499714,1,1,50,67,77,0
E0000499588,0,0,80,74,82,0
E0000499593,1,0,57,89,85,0
E0000499639,1,2,50,51,100,0
E0000499541,0,0,68,84,63,0
E0000499414,0,0,69,89,61,0
E0000499433,0,2,46,47,61,0
E0000499358,0,0,74,71,71,0
E0000499241,0,1,47,43,73,0
E0000499274,0,1,72,43,85,0
E0000499306,1,2,50,89,66,0
E0000499203,0,1,54,49,75,0
E0000499128,1,1,75,65,85,1
E0000499133,1,1,73,41,76,0
E0000498975,0,1,73,75,76,1
E0000498891,0,2,93,58,76,0
E0000498707,0,1,65,41,93,0
E0000498731,1,1,75,85,97,1
E0000498534,1,2,71,60,97,1
E0000498529,1,0,44,79,71,0
E0000498515,0,1,43,47,63,0
E0000498318,1,0,57,71,91,1
E0000498323,1,0,68,59,75,0
E0000498215,1,0,42,49,71,0
E0000498267,0,1,50,54,79,0
E0000498131,0,0,97,61,68,1
E0000498145,0,0,55,53,73,0
E0000498183,0,2,72,41,79,0
E0000498197,0,1,67,47,90,0
E0000498126,0,0,60,54,71,0
E0000497992,1,1,69,73,71,0
E0000498004,1,2,67,100,69,0
E0000498018,1,1,50,44,77,0
E0000497813,0,0,74,69,77,0
E0000497832,0,1,79,71,62,1
E0000497846,0,2,70,59,72,0
E0000497673,1,1,51,56,71,0
E0000497616,1,0,48,42,75,0
E0000497527,0,0,50,82,63,0
E0000497546,0,1,41,85,75,0
E0000497481,0,0,52,50,66,0
E0000497368,1,1,42,59,82,1
E0000497335,1,2,45,90,63,0
E0000497284,1,0,72,51,80,1
E0000497316,0,2,57,98,77,1
E0000497321,1,1,97,43,85,0
E0000497208,1,0,65,46,93,0
E0000497232,0,2,53,68,79,0
E0000497105,0,1,59,100,91,0
E0000497119,1,1,56,91,75,0
E0000497124,0,1,64,91,71,0
E0000497035,1,1,73,49,70,0
E0000496947,1,1,53,43,76,0
E0000496952,0,2,59,98,84,1
E0000496966,1,0,46,45,65,0
E0000496914,1,1,57,96,66,0
E0000496806,0,2,41,88,84,0
E0000496844,0,0,44,55,94,0
E0000496774,0,1,79,100,73,0
E0000496633,0,0,54,58,85,0
E0000496671,0,2,65,51,61,0
E0000496563,1,2,66,60,72,0
E0000496493,0,2,47,95,89,1
E0000496525,1,0,53,97,65,0
E0000496455,1,0,53,70,63,0
E0000792348,1,0,50,53,62,0
E0000851529,1,1,57,98,93,1
E0000886379,1,0,57,75,75,0
E0000568429,0,0,54,60,68,0
E0000567868,1,1,62,43,66,0
E0000574677,1,0,71,44,72,0
E0000584497,0,0,80,62,74,0
E0000572916,0,2,46,50,66,0
E0000586913,0,0,43,52,71,0
E0000584529,0,0,93,61,69,0
E0000591254,0,2,95,61,70,0
E0000561616,1,1,52,42,82,0
E0000554301,0,2,46,51,63,0
E0000556221,1,1,51,76,69,0
E0000585785,0,0,57,50,71,0
E0000585358,0,0,53,53,87,0
E0000462359,1,1,59,56,74,0
E0000623138,1,2,46,44,60,0
E0000807595,0,1,84,56,70,0
E0000889835,1,0,83,59,70,0
E0000435859,1,0,53,54,72,0
E0000546594,0,1,47,55,75,0
E0000545765,0,0,55,43,76,0
E0000623443,1,1,58,55,66,0
E0000543742,0,0,82,67,69,0
E0000831754,1,1,76,56,86,0
E0001006908,1,1,57,63,77,0
E0001310285,0,1,76,52,71,0
E0000962245,0,0,96,78,69,1
E0000432689,1,0,95,53,70,0
E0000435194,1,0,52,55,75,0
E0000481315,0,1,53,45,76,0
E0000606969,0,2,61,89,61,0
E0000457583,0,1,46,91,76,0
E0000594073,1,0,57,78,99,0
E0001006819,0,0,41,100,74,0
E0001062382,1,1,83,61,65,1
E0000477658,1,0,45,46,99,0
E0000592612,0,0,48,47,61,0
E0000922652,1,0,62,58,67,0
E0000461657,0,1,61,75,71,0
E0000603728,0,1,52,51,76,0
E0000919767,1,0,75,50,62,0
E0001006684,0,2,44,82,74,0
E0000436955,0,1,81,54,66,0
E0000909122,1,0,91,86,78,0
E0000566782,1,1,93,64,77,0
E0000578338,1,1,44,87,77,0
E0000637862,0,1,78,44,68,0
E0000787483,0,0,70,86,62,1
E0000686273,1,1,44,91,91,0
E0000685903,0,0,45,46,65,0
E0000686465,1,1,45,55,70,0
E0000685706,0,2,74,66,65,0
E0000741225,0,0,94,50,63,0
E0000437057,0,0,61,56,84,0
E0000437995,1,0,53,95,72,0
E0000893793,1,0,56,48,78,0
E0000889981,1,1,82,45,86,0
E0000824026,0,0,71,70,66,0
E0000431987,1,1,54,66,94,0
E0000535818,0,1,47,83,96,0
E0000446901,1,0,64,68,65,0
E0000449856,1,0,52,78,77,0
E0000525596,1,2,90,79,90,1
E0000527004,1,1,56,42,75,0
E0000921097,1,0,74,59,71,0
E0000921378,1,1,54,53,78,0
E0000775208,1,0,92,55,72,0
E0000758411,0,0,98,49,70,0
E0000769406,1,1,59,54,76,0
E0000759521,1,2,52,51,73,0
E0000760017,0,0,55,45,77,0
E0001519939,1,0,52,52,77,0
E0000775387,0,0,84,79,61,0
E0000778951,1,0,58,94,75,0
E0000762472,0,0,42,91,69,0
E0000760566,0,1,57,70,71,0
E0001440744,1,1,56,93,74,0
E0000760106,0,1,50,42,75,0
E0000777485,1,0,63,61,63,0
E0000757615,1,1,51,70,75,0
E0000769271,0,0,99,43,88,0
E0000967021,0,0,50,43,62,0
E0001300179,0,1,59,92,88,0
E0001300376,0,1,54,49,94,0
E0001300413,0,2,42,45,76,0
E0000441033,0,1,43,82,74,0
E0001342564,0,0,55,93,86,0
E0000567849,1,0,59,52,63,0
E0000908078,0,0,74,42,72,0
E0000751945,0,0,61,48,61,0
E0001596208,0,2,47,72,62,0
E0001190851,1,0,100,76,97,1
E0001143525,1,0,62,78,75,0
E0001600681,0,2,54,68,77,0
E0000449429,0,1,63,57,60,0
E0001105941,1,1,49,83,96,1
E0000917636,1,0,50,60,65,0
E0001101834,1,1,80,53,71,0
E0000923649,1,0,54,57,86,0
E0001180342,0,1,58,48,79,0
E0001187909,1,0,71,94,64,0
E0001067064,0,0,54,49,70,0
E0001149017,1,0,98,85,85,0
E0001152535,1,2,93,51,77,0
E0000577003,1,0,49,49,83,0
E0001085102,1,0,52,65,79,1
E0001147908,0,1,43,52,92,0
E0001149074,1,1,50,79,86,0
E0001182421,1,0,89,50,73,0
E0000712046,1,1,57,67,97,1
E0000711236,0,1,45,83,77,0
E0000558169,1,0,53,42,69,0
E0000703547,0,0,51,87,74,0
E0000704095,1,0,73,46,84,1
E0000704273,1,0,62,65,64,0
E0000704465,0,0,92,55,64,0
E0000704587,1,0,67,59,79,0
E0000704624,1,0,95,73,69,0
E0000704727,0,0,89,52,99,0
E0000703439,1,0,51,48,77,0
E0000558085,0,1,78,51,77,0
E0000791595,1,0,42,45,64,0
E0000727964,0,0,48,100,88,0
E0001117919,0,0,85,69,61,1
E0001137418,0,0,59,81,77,0
E0001177532,0,1,59,62,95,1
E0001596495,1,0,64,87,70,0
E0001596508,0,0,77,94,62,0
E0001596527,0,1,73,64,77,0
E0001596532,1,2,53,71,95,0
E0001596546,0,0,78,82,78,1
E0001596551,1,1,50,44,75,0
E0001596481,1,0,59,62,73,0
E0000568472,1,0,56,50,78,0
E0000889821,1,1,66,50,68,0
E0001129907,1,0,78,57,72,0
E0001075086,1,1,84,67,77,1
E0000706211,1,2,51,54,66,0
E0001032017,0,1,58,42,62,0
E0000707021,0,2,52,51,69,0
E0000967016,0,0,62,53,78,0
E0000568186,1,2,89,48,68,0
E0000630852,1,2,51,86,67,1
E0000704751,1,1,56,97,83,0
E0000704821,1,0,61,74,82,0
E0000704976,1,1,89,45,76,0
E0000704995,1,2,69,62,67,0
E0000704732,0,0,59,86,77,0
E0000828555,0,0,51,85,76,0
E0000894462,0,0,85,57,70,1
E0000629938,0,0,56,97,69,0
E0001464223,0,1,58,78,71,0
E0000707054,1,1,50,59,75,0
E0000447182,0,0,52,86,69,0
E0000697713,1,1,50,58,80,0
E0001464191,1,0,44,96,79,0
E0001210574,1,0,95,94,77,0
E0001064034,0,0,55,69,70,0
E0001177481,0,2,51,41,67,0
E0000592434,1,1,82,76,63,1
E0000593703,1,0,57,92,66,0
E0000503703,1,0,84,45,75,0
E0000498572,0,1,78,92,91,0
E0000512821,0,1,77,52,99,0
E0001262474,0,0,48,51,75,0
E0001262511,0,1,44,73,73,0
E0001298503,1,2,100,64,67,1
E0001298682,0,0,83,51,74,0
E0001298747,1,0,97,89,73,0
E0001318104,1,1,57,75,77,0
E0001318348,0,0,81,88,64,0
E0001337112,0,0,95,70,72,0
E0001337159,1,0,77,89,78,0
E0001337431,1,1,91,49,64,0
E0001262071,0,2,42,53,63,0
E0001003724,0,0,75,41,91,0
E0001003884,0,0,50,80,79,1
E0001004094,1,1,82,65,62,0
E0001004229,1,0,55,72,78,0
E0001004304,1,0,99,44,90,0
E0001004515,0,0,46,42,76,0
E0001004886,0,0,67,84,62,0
E0001004891,0,2,54,95,67,0
E0001005185,0,0,94,49,61,0
E0001005217,0,0,48,99,62,0
E0001005241,1,0,98,75,98,1
E0001003635,1,0,47,61,77,0
E0000511599,0,0,52,54,79,0
E0000511706,1,0,56,58,73,0
E0000511969,1,0,57,46,73,0
E0000512592,1,1,57,59,79,0
E0000513097,0,0,59,55,76,0
E0000513575,1,1,77,61,72,1
E0000513645,1,0,59,55,69,0
E0000513734,1,1,94,62,94,1
E0000513818,0,0,70,88,98,0
E0000514474,1,0,50,50,61,0
E0001002947,1,0,51,49,72,0
E0001003068,1,0,97,47,79,0
E0001003213,0,0,47,50,73,0
E0001003616,1,1,74,42,92,0
E0000511482,0,0,56,58,66,0
E0000506611,0,0,46,52,66,0
E0000507187,0,2,90,97,76,0
E0000507379,1,0,46,88,67,0
E0000507416,1,0,78,94,87,0
E0000507449,0,0,85,93,78,0
E0000507487,1,1,53,54,74,0
E0000507749,1,0,92,94,66,0
E0000508418,1,2,53,61,93,0
E0000508901,0,0,52,67,64,0
E0000509763,0,1,92,47,77,0
E0000510015,1,0,72,45,60,0
E0000510461,1,0,52,50,69,0
E0000510789,1,2,51,44,72,0
E0000511106,0,0,53,46,65,0
E0000506096,0,0,70,82,65,0
E0000502697,1,2,53,59,96,0
E0000502818,0,0,56,55,62,0
E0000503052,1,0,62,60,76,0
E0000503385,0,1,50,49,70,0
E0000503755,0,2,85,81,72,1
E0000503769,1,0,58,79,100,0
E0000504021,1,0,61,71,71,0
E0000504162,1,1,80,87,65,0
E0000504462,0,2,55,48,73,0
E0000505215,1,0,50,87,69,0
E0000505318,1,1,42,79,96,0
E0000505604,0,1,74,55,74,0
E0000505848,0,1,55,73,76,0
E0000502167,1,0,50,100,73,0
E0000497195,1,0,85,89,72,0
E0000497419,1,1,56,80,69,0
E0000498675,0,0,90,50,77,1
E0000498853,0,0,77,62,68,0
E0000498867,1,0,55,83,79,0
E0000498961,0,0,51,56,98,0
E0000499199,1,0,41,48,71,0
E0000499625,0,0,80,47,99,1
E0000499663,0,1,59,83,76,0
E0000499855,1,0,59,82,73,0
E0000500285,1,0,64,41,66,0
E0000500509,1,1,52,60,100,0
E0000501484,1,2,57,57,69,0
E0000497162,1,0,54,53,72,0
E0000494995,1,0,52,64,67,0
E0000495415,1,0,48,78,64,0
E0000496717,0,0,47,85,72,0
E0000496793,0,1,48,51,75,0
E0000497002,0,0,41,70,78,0
E0001337253,1,0,88,52,60,0
E0001337394,1,0,54,68,70,0
E0001372075,1,1,58,55,79,0
E0001005306,0,2,51,65,75,0
E0001261294,0,1,55,61,61,0
E0001261378,0,0,55,68,67,0
E0001261842,1,0,60,52,66,0
E0001261931,1,0,75,100,73,1
E0001262239,0,1,49,62,64,0
E0001298541,1,0,52,51,75,0
E0001298593,0,1,42,86,63,0
E0001298625,1,1,49,93,72,0
E0001298728,1,0,45,45,75,0
E0001318212,1,1,41,47,73,0
E0001337075,0,0,49,56,98,0
E0001337089,1,2,63,55,71,0
E0001337197,1,0,97,57,74,0
E0001002971,1,0,87,47,69,0
E0001003368,0,0,72,82,73,1
E0001003579,0,0,85,62,63,0
E0001003738,1,1,75,73,61,0
E0001003827,1,1,88,75,67,1
E0001004018,0,1,93,70,75,0
E0001004061,1,2,50,53,73,0
E0001004318,0,1,85,74,62,0
E0001004407,1,1,57,73,69,0
E0001004604,0,2,50,92,61,0
E0001004661,1,1,90,72,90,0
E0001005082,0,0,41,99,60,0
E0001005288,1,2,50,73,72,0
E0000512802,0,0,51,55,83,0
E0000512919,1,0,45,96,66,0
E0000513148,0,0,79,87,79,0
E0000513186,0,0,55,41,74,0
E0000513345,0,0,56,87,70,1
E0000513448,0,1,56,68,63,0
E0000513894,1,0,53,98,79,1
E0000513912,0,1,80,58,83,1
E0000513931,1,0,44,61,77,0
E0000513945,1,0,51,46,76,1
E0000514174,0,2,59,86,82,0
E0000514328,0,0,84,81,67,0
E0000514366,1,1,76,57,63,0
E0000510704,0,1,60,66,69,1
E0000510864,0,1,79,86,75,1
E0000510929,0,2,45,52,71,1
E0000510991,1,1,71,88,76,0
E0000511425,0,1,41,57,74,1
E0000511617,0,1,87,88,73,1
E0000511655,1,2,59,71,67,1
E0000512038,1,0,42,58,66,1
E0000512062,0,1,58,82,79,1
E0000512357,1,1,85,43,77,0
E0000512376,0,0,49,69,75,0
E0000512498,1,0,52,41,73,0
E0000509017,0,2,56,87,62,0
E0000509074,0,2,50,74,65,0
E0000509144,0,1,91,89,79,1
E0000509163,0,0,48,44,68,1
E0000509425,0,0,80,90,69,1
E0000509444,1,2,89,79,66,1
E0000509477,1,1,55,89,67,1
E0000509674,1,0,49,46,72,0
E0000510086,0,0,80,55,75,1
E0000510091,1,0,53,52,76,0
E0000510156,0,2,58,42,100,0
E0000510278,0,0,55,72,61,1
E0000510301,0,1,57,80,75,1
E0000510329,1,2,58,52,76,1
E0000510629,0,1,89,48,67,1
E0000506311,1,0,54,58,77,0
E0000506428,0,0,44,88,95,0
E0000506677,1,1,50,88,74,1
E0000506709,0,2,50,51,71,0
E0000507257,1,1,51,79,73,0
E0000507505,0,1,81,55,72,0
E0000507651,1,1,43,97,77,0
E0000507679,1,1,56,47,70,0
E0000508489,0,0,54,52,64,0
E0000508494,0,1,56,53,92,0
E0000508507,0,0,96,46,78,1
E0000508831,0,2,91,50,78,0
E0000502715,1,2,100,48,87,0
E0000502791,0,2,53,89,91,1
E0000502931,0,0,67,100,99,0
E0000503582,1,1,74,42,78,0
E0000503647,0,0,76,98,67,0
E0000504316,1,0,70,66,64,0
E0000504368,0,0,65,45,75,0
E0000505304,0,0,69,56,67,0
E0000505431,0,0,59,79,60,0
E0000505572,0,1,76,52,74,0
E0000505586,1,0,51,48,70,0
E0000506006,1,0,54,97,79,0
E0000500533,0,2,52,59,72,0
E0000500566,0,1,54,62,83,0
E0000500585,0,1,88,56,65,0
E0000500993,0,1,55,53,81,0
E0000501057,1,1,45,97,62,0
E0000501062,1,0,58,50,75,0
E0000501151,0,2,42,70,93,0
E0000501784,0,0,74,63,78,0
E0000501849,1,1,75,44,70,0
E0000502101,0,0,56,51,77,0
E0000502204,1,1,87,93,70,0
E0000502237,0,1,54,83,73,0
E0000502486,1,0,50,81,72,0
E0000502626,0,1,98,63,70,0
E0000502678,1,1,53,71,68,0
E0000499011,0,0,51,97,69,0
E0000499039,0,0,62,63,76,0
E0000499325,0,1,91,67,75,0
E0000499339,0,1,60,79,68,1
E0000499428,0,0,51,53,79,0
E0000499471,0,0,59,44,72,0
E0000499611,1,1,55,82,64,0
E0000499658,0,1,68,81,92,0
E0000499771,0,0,53,77,86,0
E0000499944,0,2,79,88,71,0
E0000500139,0,0,54,51,71,0
E0000500163,0,0,56,75,61,0
E0000500247,0,1,57,100,68,0
E0000500514,1,1,41,85,81,0
E0000707738,0,0,51,58,83,0
E0000907676,1,1,51,49,75,0
E0000907681,1,2,55,48,81,0
E0000907892,0,0,80,44,99,0
E0000907943,1,2,75,54,74,1
E0001434656,0,2,58,60,64,0
E0000455288,0,0,82,85,79,1
E0000593844,1,1,60,53,69,0
E0001176539,0,1,65,94,86,0
E0001284909,1,0,49,56,72,0
E0001180178,0,0,84,81,92,1
E0001206481,1,0,59,45,79,0
E0001182473,0,0,55,66,82,0
E0001081071,1,1,53,66,89,0
E0000654607,0,0,62,92,73,0
E0000563663,0,2,50,59,62,0
E0000656795,0,0,97,91,67,0
E0000753232,1,1,60,45,65,0
E0000600558,0,1,49,53,82,1
E0000602215,1,1,52,46,73,0
E0000602407,0,0,94,92,68,0
E0000539236,0,0,57,80,60,0
E0000927156,0,0,95,50,64,0
E0000927489,1,2,98,59,66,0
E0000654945,0,1,60,57,73,0
E0001431607,0,0,76,79,78,0
E0001267667,1,0,51,100,80,0
E0000585433,0,1,58,65,80,1
E0000496347,1,1,85,44,91,0
E0000496371,0,1,86,60,79,0
E0000496258,1,1,69,91,63,1
E0000496263,0,0,45,42,88,0
E0000496296,0,0,48,56,80,0
E0000496169,1,1,49,46,61,0
E0000496174,0,2,73,86,70,0
E0000496188,1,0,59,48,73,0
E0000496099,1,0,41,48,62,0
E0000496014,1,0,77,82,63,0
E0000496033,1,1,89,70,71,1
E0000496047,1,2,46,45,72,0
E0000496066,0,0,74,43,74,0
E0000495894,0,1,55,46,65,0
E0000495945,1,0,65,53,63,0
E0000495772,0,0,65,52,100,0
E0000495804,0,0,54,69,90,0
E0000495683,1,1,84,86,75,0
E0000495729,0,1,95,75,70,0
E0000495753,0,2,98,46,76,0
E0000495575,0,1,74,59,78,0
E0000495612,0,1,74,96,63,1
E0000495631,1,2,58,62,65,0
E0000495486,0,1,41,93,71,0
E0000495504,0,1,91,47,74,0
E0000495542,0,0,94,83,72,0
E0000495556,0,0,52,94,98,0
E0000495397,0,1,61,85,71,0
E0000495434,1,1,50,63,65,1
E0000495312,0,0,56,77,81,0
E0000495345,0,0,72,65,63,0
E0000495359,1,1,75,76,72,0
E0000495383,0,2,72,94,63,0
E0000494873,0,0,76,56,71,0
E0000494892,1,0,91,91,78,0
E0000494905,1,0,65,56,73,0
E0000494943,1,2,83,51,96,1
E0000494962,0,0,44,41,72,0
E0000495026,0,0,61,87,63,0
E0000495031,0,0,45,98,79,0
E0000495045,0,1,80,76,60,0
E0000495101,0,0,79,44,74,0
E0000495134,0,2,52,76,87,0
E0000495186,0,0,77,43,63,0
E0000495237,0,1,65,86,67,0
E0000495256,0,1,51,44,74,0
E0000495275,1,0,52,96,75,1
E0000495289,1,1,56,50,78,0
E0000434257,1,1,44,99,78,1
E0000495172,0,0,55,54,64,0
E0000495223,1,0,66,48,63,0
E0000495261,1,1,59,60,67,0
E0000495331,0,2,48,69,93,0
E0000495561,1,2,64,78,73,0
E0000495748,0,1,100,43,74,0
E0000495767,1,1,75,73,75,0
E0000496652,0,0,58,56,67,0
E0000496699,0,0,45,65,60,0
E0000496722,1,0,57,92,80,0
E0000496971,1,1,67,45,65,0
E0000497143,1,1,49,52,88,0
E0000497251,0,0,41,56,79,0
E0000497349,1,0,83,53,62,1
E0000497354,0,0,41,92,69,0
E0000497457,0,1,50,98,71,0
E0000498759,1,0,54,90,79,0
E0000498764,0,1,95,62,79,0
E0000498994,0,1,48,92,76,0
E0000831327,0,1,52,75,94,0
E0000730736,0,0,89,49,67,1
E0000751748,1,1,46,81,97,0
E0000752999,0,0,79,92,85,1
E0000752741,1,1,92,45,63,1
E0001242459,0,2,44,51,64,0
E0000749978,1,1,98,51,78,0
E0000751078,1,1,71,53,71,0
E0000755363,1,2,43,71,92,1
E0000912232,0,2,63,73,76,0
E0001334345,1,2,87,60,73,1
E0000765389,1,0,56,88,63,0
E0000760439,1,0,46,59,78,0
E0000755382,0,1,75,100,66,0
E0000778595,0,1,56,56,60,0
E0000763806,1,2,58,62,66,0
E0000770231,1,0,59,91,72,0
E0000755747,0,1,75,91,96,1
E0000757437,1,1,60,46,75,0
E0000762659,0,2,43,100,93,0
E0000767979,1,1,85,55,98,1
E0000777588,1,0,53,65,72,0
E0000759235,1,2,58,41,68,0
E0000758603,0,1,57,56,60,0
E0000772521,1,1,54,50,95,0
E0000763882,0,1,96,79,67,0
E0000768934,1,0,94,55,73,0
E0000776389,1,0,97,74,84,1
E0000776459,1,1,63,87,93,0
E0000776548,1,1,72,62,79,0
E0000776553,0,2,72,47,95,0
E0000776867,0,0,52,59,61,0
E0000776572,0,1,81,53,80,1
E0000776431,0,0,67,44,70,0
E0000778008,0,1,73,62,73,1
E0000776783,0,0,69,50,86,0
E0000753143,0,0,88,54,66,0
E0000753846,1,0,82,79,73,0
E0000749856,1,0,48,54,71,0
E0000767519,1,0,54,58,77,0
E0000766611,1,0,82,58,78,0
E0000758796,1,2,55,98,64,1
E0000762429,0,1,57,73,69,0
E0000759727,0,1,42,58,64,0
E0000751964,0,1,50,54,78,0
E0000778135,1,1,59,55,74,0
E0000776989,0,1,54,57,80,0
E0000776318,1,1,88,84,74,0
E0000776591,0,1,44,87,79,0
E0000776248,0,1,77,54,71,0
E0000775743,1,0,99,92,77,0
E0000776707,1,1,78,59,67,0
E0000776464,0,2,97,55,92,1
E0000776394,0,2,56,58,72,0
E0000774309,0,0,71,55,70,0
E0000755569,0,1,46,78,80,1
E0000755574,1,0,68,92,61,0
E0000776037,0,2,64,58,76,1
E0000758758,0,1,51,53,66,0
E0000756951,0,1,52,85,73,0
E0000755517,1,1,59,52,94,0
E0001045331,1,0,53,57,70,0
E0000759146,1,0,45,47,74,0
E0000764954,1,0,73,44,87,0
E0001242604,0,0,56,58,75,0
E0000757264,1,0,88,55,76,0
E0000764087,0,0,42,91,76,1
E0000761451,1,1,84,51,78,0
E0000759573,1,0,48,44,89,0
E0000940878,1,0,55,85,82,0
E0000940986,0,2,62,75,86,0
E0000756608,0,1,64,43,64,0
E0000765656,1,0,56,79,78,1
E0000768194,0,1,60,45,74,1
E0000767027,0,0,56,90,100,0
E0000757029,1,1,79,60,75,0
E0000755658,1,0,52,71,99,0
E0000769303,0,1,46,84,72,1
E0000763717,1,0,52,47,78,0
E0000753387,1,1,41,70,70,1
E0000750816,0,1,67,69,76,1
E0000752333,0,2,66,53,80,1
